num,f
0,/Users/GlennThompson/Dropbox/BRIEFCASE/SSADenver/ASL_inputs/biggest_pdc_events/2000-01-12-1208-16S.MVO___019.cleaned
1,/Users/GlennThompson/Dropbox/BRIEFCASE/SSADenver/ASL_inputs/biggest_pdc_events/2000-01-16-1443-46S.MVO___019.cleaned
2,/Users/GlennThompson/Dropbox/BRIEFCASE/SSADenver/ASL_inputs/biggest_pdc_events/2000-01-29-0200-24S.MVO___019.cleaned
3,/Users/GlennThompson/Dropbox/BRIEFCASE/SSADenver/ASL_inputs/biggest_pdc_events/2000-01-29-0317-07S.MVO___019.cleaned
4,/Users/GlennThompson/Dropbox/BRIEFCASE/SSADenver/ASL_inputs/biggest_pdc_events/2000-01-30-2349-02S.MVO___019.cleaned
5,/Users/GlennThompson/Dropbox/BRIEFCASE/SSADenver/ASL_inputs/biggest_pdc_events/2000-02-06-1225-08S.MVO___019.cleaned
6,/Users/GlennThompson/Dropbox/BRIEFCASE/SSADenver/ASL_inputs/biggest_pdc_events/2000-02-14-0559-54S.MVO___019.cleaned
7,/Users/GlennThompson/Dropbox/BRIEFCASE/SSADenver/ASL_inputs/biggest_pdc_events/2000-02-14-0703-21S.MVO___019.cleaned
8,/Users/GlennThompson/Dropbox/BRIEFCASE/SSADenver/ASL_inputs/biggest_pdc_events/2000-02-16-1025-23S.MVO___019.cleaned
9,/Users/GlennThompson/Dropbox/BRIEFCASE/SSADenver/ASL_inputs/biggest_pdc_events/2000-02-16-2330-10S.MVO___019.cleaned
10,/Users/GlennThompson/Dropbox/BRIEFCASE/SSADenver/ASL_inputs/biggest_pdc_events/2000-03-20-2156-34S.MVO___019.cleaned
11,/Users/GlennThompson/Dropbox/BRIEFCASE/SSADenver/ASL_inputs/biggest_pdc_events/2000-03-20-2207-14S.MVO___019.cleaned
12,/Users/GlennThompson/Dropbox/BRIEFCASE/SSADenver/ASL_inputs/biggest_pdc_events/2000-03-20-2212-28S.MVO___019.cleaned
13,/Users/GlennThompson/Dropbox/BRIEFCASE/SSADenver/ASL_inputs/biggest_pdc_events/2000-03-20-2220-31S.MVO___019.cleaned
14,/Users/GlennThompson/Dropbox/BRIEFCASE/SSADenver/ASL_inputs/biggest_pdc_events/2000-03-20-2234-54S.MVO___019.cleaned
15,/Users/GlennThompson/Dropbox/BRIEFCASE/SSADenver/ASL_inputs/biggest_pdc_events/2000-04-18-0803-38S.MVO___019.cleaned
16,/Users/GlennThompson/Dropbox/BRIEFCASE/SSADenver/ASL_inputs/biggest_pdc_events/2000-04-25-2158-59S.MVO___019.cleaned
17,/Users/GlennThompson/Dropbox/BRIEFCASE/SSADenver/ASL_inputs/biggest_pdc_events/2000-04-27-0927-15S.MVO___019.cleaned
18,/Users/GlennThompson/Dropbox/BRIEFCASE/SSADenver/ASL_inputs/biggest_pdc_events/2000-04-29-1129-22S.MVO___019.cleaned
19,/Users/GlennThompson/Dropbox/BRIEFCASE/SSADenver/ASL_inputs/biggest_pdc_events/2000-04-29-1802-13S.MVO___019.cleaned
20,/Users/GlennThompson/Dropbox/BRIEFCASE/SSADenver/ASL_inputs/biggest_pdc_events/2000-05-06-2346-58S.MVO___019.cleaned
21,/Users/GlennThompson/Dropbox/BRIEFCASE/SSADenver/ASL_inputs/biggest_pdc_events/2000-05-07-0008-36S.MVO___019.cleaned
22,/Users/GlennThompson/Dropbox/BRIEFCASE/SSADenver/ASL_inputs/biggest_pdc_events/2000-05-07-0014-44S.MVO___019.cleaned
23,/Users/GlennThompson/Dropbox/BRIEFCASE/SSADenver/ASL_inputs/biggest_pdc_events/2000-05-19-1737-29S.MVO___019.cleaned
24,/Users/GlennThompson/Dropbox/BRIEFCASE/SSADenver/ASL_inputs/biggest_pdc_events/2000-05-20-1159-35S.MVO___019.cleaned
25,/Users/GlennThompson/Dropbox/BRIEFCASE/SSADenver/ASL_inputs/biggest_pdc_events/2000-06-18-0001-14S.MVO___019.cleaned
26,/Users/GlennThompson/Dropbox/BRIEFCASE/SSADenver/ASL_inputs/biggest_pdc_events/2000-06-18-0351-37S.MVO___019.cleaned
27,/Users/GlennThompson/Dropbox/BRIEFCASE/SSADenver/ASL_inputs/biggest_pdc_events/2000-06-19-0428-41S.MVO___019.cleaned
28,/Users/GlennThompson/Dropbox/BRIEFCASE/SSADenver/ASL_inputs/biggest_pdc_events/2000-06-28-1544-48S.MVO___019.cleaned
29,/Users/GlennThompson/Dropbox/BRIEFCASE/SSADenver/ASL_inputs/biggest_pdc_events/2000-06-30-1315-10S.MVO___019.cleaned
30,/Users/GlennThompson/Dropbox/BRIEFCASE/SSADenver/ASL_inputs/biggest_pdc_events/2000-07-01-2103-03S.MVO___019.cleaned
31,/Users/GlennThompson/Dropbox/BRIEFCASE/SSADenver/ASL_inputs/biggest_pdc_events/2000-07-02-0952-00S.MVO___019.cleaned
32,/Users/GlennThompson/Dropbox/BRIEFCASE/SSADenver/ASL_inputs/biggest_pdc_events/2000-07-08-1039-37S.MVO___019.cleaned
33,/Users/GlennThompson/Dropbox/BRIEFCASE/SSADenver/ASL_inputs/biggest_pdc_events/2000-07-21-1021-05S.MVO___019.cleaned
34,/Users/GlennThompson/Dropbox/BRIEFCASE/SSADenver/ASL_inputs/biggest_pdc_events/2000-07-22-1843-11S.MVO___019.cleaned
35,/Users/GlennThompson/Dropbox/BRIEFCASE/SSADenver/ASL_inputs/biggest_pdc_events/2000-08-05-1840-17S.MVO___019.cleaned
36,/Users/GlennThompson/Dropbox/BRIEFCASE/SSADenver/ASL_inputs/biggest_pdc_events/2000-08-07-0441-43S.MVO___019.cleaned
37,/Users/GlennThompson/Dropbox/BRIEFCASE/SSADenver/ASL_inputs/biggest_pdc_events/2000-08-07-1353-47S.MVO___019.cleaned
38,/Users/GlennThompson/Dropbox/BRIEFCASE/SSADenver/ASL_inputs/biggest_pdc_events/2000-08-15-1953-26S.MVO___019.cleaned
39,/Users/GlennThompson/Dropbox/BRIEFCASE/SSADenver/ASL_inputs/biggest_pdc_events/2000-08-17-1701-40S.MVO___019.cleaned
40,/Users/GlennThompson/Dropbox/BRIEFCASE/SSADenver/ASL_inputs/biggest_pdc_events/2000-09-14-1900-58S.MVO___019.cleaned
41,/Users/GlennThompson/Dropbox/BRIEFCASE/SSADenver/ASL_inputs/biggest_pdc_events/2000-09-15-0445-37S.MVO___019.cleaned
42,/Users/GlennThompson/Dropbox/BRIEFCASE/SSADenver/ASL_inputs/biggest_pdc_events/2000-09-17-0335-27S.MVO___019.cleaned
43,/Users/GlennThompson/Dropbox/BRIEFCASE/SSADenver/ASL_inputs/biggest_pdc_events/2000-09-18-1507-43S.MVO___019.cleaned
44,/Users/GlennThompson/Dropbox/BRIEFCASE/SSADenver/ASL_inputs/biggest_pdc_events/2000-09-24-0629-06S.MVO___019.cleaned
45,/Users/GlennThompson/Dropbox/BRIEFCASE/SSADenver/ASL_inputs/biggest_pdc_events/2000-10-02-1334-40S.MVO___019.cleaned
46,/Users/GlennThompson/Dropbox/BRIEFCASE/SSADenver/ASL_inputs/biggest_pdc_events/2000-10-06-2228-15S.MVO___019.cleaned
47,/Users/GlennThompson/Dropbox/BRIEFCASE/SSADenver/ASL_inputs/biggest_pdc_events/2000-10-11-0323-37S.MVO___019.cleaned
48,/Users/GlennThompson/Dropbox/BRIEFCASE/SSADenver/ASL_inputs/biggest_pdc_events/2000-10-12-0925-42S.MVO___019.cleaned
49,/Users/GlennThompson/Dropbox/BRIEFCASE/SSADenver/ASL_inputs/biggest_pdc_events/2000-10-13-0759-30S.MVO___019.cleaned
50,/Users/GlennThompson/Dropbox/BRIEFCASE/SSADenver/ASL_inputs/biggest_pdc_events/2000-11-25-1408-15S.MVO___019.cleaned
51,/Users/GlennThompson/Dropbox/BRIEFCASE/SSADenver/ASL_inputs/biggest_pdc_events/2000-11-25-1859-14S.MVO___019.cleaned
52,/Users/GlennThompson/Dropbox/BRIEFCASE/SSADenver/ASL_inputs/biggest_pdc_events/2000-11-26-2123-08S.MVO___019.cleaned
53,/Users/GlennThompson/Dropbox/BRIEFCASE/SSADenver/ASL_inputs/biggest_pdc_events/2000-11-27-0545-12S.MVO___019.cleaned
54,/Users/GlennThompson/Dropbox/BRIEFCASE/SSADenver/ASL_inputs/biggest_pdc_events/2000-11-29-0145-33S.MVO___019.cleaned
55,/Users/GlennThompson/Dropbox/BRIEFCASE/SSADenver/ASL_inputs/biggest_pdc_events/2000-12-02-1815-11S.MVO___019.cleaned
56,/Users/GlennThompson/Dropbox/BRIEFCASE/SSADenver/ASL_inputs/biggest_pdc_events/2000-12-02-2359-36S.MVO___019.cleaned
57,/Users/GlennThompson/Dropbox/BRIEFCASE/SSADenver/ASL_inputs/biggest_pdc_events/2000-12-24-1529-18S.MVO___019.cleaned
58,/Users/GlennThompson/Dropbox/BRIEFCASE/SSADenver/ASL_inputs/biggest_pdc_events/2000-12-25-2252-24S.MVO___019.cleaned
59,/Users/GlennThompson/Dropbox/BRIEFCASE/SSADenver/ASL_inputs/biggest_pdc_events/2000-12-27-0708-39S.MVO___019.cleaned
60,/Users/GlennThompson/Dropbox/BRIEFCASE/SSADenver/ASL_inputs/biggest_pdc_events/2001-01-01-1308-21S.MVO___019.cleaned
61,/Users/GlennThompson/Dropbox/BRIEFCASE/SSADenver/ASL_inputs/biggest_pdc_events/2001-01-05-1636-51S.MVO___019.cleaned
62,/Users/GlennThompson/Dropbox/BRIEFCASE/SSADenver/ASL_inputs/biggest_pdc_events/2001-01-13-1004-47S.MVO___019.cleaned
63,/Users/GlennThompson/Dropbox/BRIEFCASE/SSADenver/ASL_inputs/biggest_pdc_events/2001-01-20-0806-32S.MVO___019.cleaned
64,/Users/GlennThompson/Dropbox/BRIEFCASE/SSADenver/ASL_inputs/biggest_pdc_events/2001-01-31-2353-44S.MVO___019.cleaned
65,/Users/GlennThompson/Dropbox/BRIEFCASE/SSADenver/ASL_inputs/biggest_pdc_events/2006-01-10-0902-27S.MVO___026.cleaned
66,/Users/GlennThompson/Dropbox/BRIEFCASE/SSADenver/ASL_inputs/biggest_pdc_events/2006-01-10-1328-18S.MVO___026.cleaned
67,/Users/GlennThompson/Dropbox/BRIEFCASE/SSADenver/ASL_inputs/biggest_pdc_events/2006-01-25-0003-41S.MVO___026.cleaned
68,/Users/GlennThompson/Dropbox/BRIEFCASE/SSADenver/ASL_inputs/biggest_pdc_events/2006-01-27-0820-11S.MVO___026.cleaned
69,/Users/GlennThompson/Dropbox/BRIEFCASE/SSADenver/ASL_inputs/biggest_pdc_events/2006-01-28-0412-16S.MVO___026.cleaned
70,/Users/GlennThompson/Dropbox/BRIEFCASE/SSADenver/ASL_inputs/biggest_pdc_events/2006-02-21-0924-39S.MVO___026.cleaned
71,/Users/GlennThompson/Dropbox/BRIEFCASE/SSADenver/ASL_inputs/biggest_pdc_events/2006-02-22-1359-40S.MVO___026.cleaned
72,/Users/GlennThompson/Dropbox/BRIEFCASE/SSADenver/ASL_inputs/biggest_pdc_events/2006-02-22-2118-22S.MVO___026.cleaned
73,/Users/GlennThompson/Dropbox/BRIEFCASE/SSADenver/ASL_inputs/biggest_pdc_events/2006-02-24-1055-32S.MVO___026.cleaned
74,/Users/GlennThompson/Dropbox/BRIEFCASE/SSADenver/ASL_inputs/biggest_pdc_events/2006-02-28-2106-37S.MVO___023.cleaned
75,/Users/GlennThompson/Dropbox/BRIEFCASE/SSADenver/ASL_inputs/biggest_pdc_events/2006-03-01-0142-43S.MVO___023.cleaned
76,/Users/GlennThompson/Dropbox/BRIEFCASE/SSADenver/ASL_inputs/biggest_pdc_events/2006-03-19-1314-06S.MVO___023.cleaned
77,/Users/GlennThompson/Dropbox/BRIEFCASE/SSADenver/ASL_inputs/biggest_pdc_events/2006-03-23-1625-16S.MVO___023.cleaned
78,/Users/GlennThompson/Dropbox/BRIEFCASE/SSADenver/ASL_inputs/biggest_pdc_events/2006-03-29-1743-29S.MVO___022.cleaned
79,/Users/GlennThompson/Dropbox/BRIEFCASE/SSADenver/ASL_inputs/biggest_pdc_events/2006-03-31-1719-47S.MVO___024.cleaned
80,/Users/GlennThompson/Dropbox/BRIEFCASE/SSADenver/ASL_inputs/biggest_pdc_events/2006-04-07-2202-32S.MVO___030.cleaned
81,/Users/GlennThompson/Dropbox/BRIEFCASE/SSADenver/ASL_inputs/biggest_pdc_events/2006-04-09-0336-01S.MVO___030.cleaned
82,/Users/GlennThompson/Dropbox/BRIEFCASE/SSADenver/ASL_inputs/biggest_pdc_events/2006-04-12-0025-40S.MVO___031.cleaned
83,/Users/GlennThompson/Dropbox/BRIEFCASE/SSADenver/ASL_inputs/biggest_pdc_events/2006-04-13-1534-00S.MVO___031.cleaned
84,/Users/GlennThompson/Dropbox/BRIEFCASE/SSADenver/ASL_inputs/biggest_pdc_events/2006-04-14-1024-25S.MVO___031.cleaned
85,/Users/GlennThompson/Dropbox/BRIEFCASE/SSADenver/ASL_inputs/biggest_pdc_events/2006-05-13-0855-34S.MVO___028.cleaned
86,/Users/GlennThompson/Dropbox/BRIEFCASE/SSADenver/ASL_inputs/biggest_pdc_events/2006-05-13-2121-49S.MVO___031.cleaned
87,/Users/GlennThompson/Dropbox/BRIEFCASE/SSADenver/ASL_inputs/biggest_pdc_events/2006-05-17-2145-42S.MVO___031.cleaned
88,/Users/GlennThompson/Dropbox/BRIEFCASE/SSADenver/ASL_inputs/biggest_pdc_events/2006-05-20-0952-58S.MVO___021.cleaned
89,/Users/GlennThompson/Dropbox/BRIEFCASE/SSADenver/ASL_inputs/biggest_pdc_events/2006-05-20-1049-07S.MVO___022.cleaned
90,/Users/GlennThompson/Dropbox/BRIEFCASE/SSADenver/ASL_inputs/biggest_pdc_events/2006-07-12-1944-48S.MVO___024.cleaned
91,/Users/GlennThompson/Dropbox/BRIEFCASE/SSADenver/ASL_inputs/biggest_pdc_events/2006-07-12-2354-59S.MVO___024.cleaned
92,/Users/GlennThompson/Dropbox/BRIEFCASE/SSADenver/ASL_inputs/biggest_pdc_events/2006-07-13-0347-12S.MVO___024.cleaned
93,/Users/GlennThompson/Dropbox/BRIEFCASE/SSADenver/ASL_inputs/biggest_pdc_events/2006-07-13-0525-32S.MVO___024.cleaned
94,/Users/GlennThompson/Dropbox/BRIEFCASE/SSADenver/ASL_inputs/biggest_pdc_events/2006-07-13-1240-28S.MVO___024.cleaned
95,/Users/GlennThompson/Dropbox/BRIEFCASE/SSADenver/ASL_inputs/biggest_pdc_events/2006-08-06-1747-22S.MVO___024.cleaned
96,/Users/GlennThompson/Dropbox/BRIEFCASE/SSADenver/ASL_inputs/biggest_pdc_events/2006-08-07-2200-32S.MVO___024.cleaned
97,/Users/GlennThompson/Dropbox/BRIEFCASE/SSADenver/ASL_inputs/biggest_pdc_events/2006-08-08-1233-20S.MVO___024.cleaned
98,/Users/GlennThompson/Dropbox/BRIEFCASE/SSADenver/ASL_inputs/biggest_pdc_events/2006-08-21-0449-52S.MVO___024.cleaned
99,/Users/GlennThompson/Dropbox/BRIEFCASE/SSADenver/ASL_inputs/biggest_pdc_events/2006-08-28-0338-10S.MVO___024.cleaned
100,/Users/GlennThompson/Dropbox/BRIEFCASE/SSADenver/ASL_inputs/biggest_pdc_events/2006-09-08-1414-12S.MVO___024.cleaned
101,/Users/GlennThompson/Dropbox/BRIEFCASE/SSADenver/ASL_inputs/biggest_pdc_events/2006-09-12-2223-47S.MVO___024.cleaned
102,/Users/GlennThompson/Dropbox/BRIEFCASE/SSADenver/ASL_inputs/biggest_pdc_events/2006-09-14-0019-46S.MVO___024.cleaned
103,/Users/GlennThompson/Dropbox/BRIEFCASE/SSADenver/ASL_inputs/biggest_pdc_events/2006-09-15-1647-26S.MVO___025.cleaned
104,/Users/GlennThompson/Dropbox/BRIEFCASE/SSADenver/ASL_inputs/biggest_pdc_events/2006-09-18-2346-08S.MVO___025.cleaned
105,/Users/GlennThompson/Dropbox/BRIEFCASE/SSADenver/ASL_inputs/biggest_pdc_events/2006-10-04-0123-32S.MVO___025.cleaned
106,/Users/GlennThompson/Dropbox/BRIEFCASE/SSADenver/ASL_inputs/biggest_pdc_events/2006-10-06-0749-23S.MVO___025.cleaned
107,/Users/GlennThompson/Dropbox/BRIEFCASE/SSADenver/ASL_inputs/biggest_pdc_events/2006-10-23-1912-44S.MVO___025.cleaned
108,/Users/GlennThompson/Dropbox/BRIEFCASE/SSADenver/ASL_inputs/biggest_pdc_events/2006-10-25-2159-21S.MVO___025.cleaned
109,/Users/GlennThompson/Dropbox/BRIEFCASE/SSADenver/ASL_inputs/biggest_pdc_events/2006-10-27-1449-45S.MVO___025.cleaned
110,/Users/GlennThompson/Dropbox/BRIEFCASE/SSADenver/ASL_inputs/biggest_pdc_events/2006-11-19-0125-32S.MVO___025.cleaned
111,/Users/GlennThompson/Dropbox/BRIEFCASE/SSADenver/ASL_inputs/biggest_pdc_events/2006-11-19-0406-41S.MVO___025.cleaned
112,/Users/GlennThompson/Dropbox/BRIEFCASE/SSADenver/ASL_inputs/biggest_pdc_events/2006-11-19-1823-33S.MVO___025.cleaned
113,/Users/GlennThompson/Dropbox/BRIEFCASE/SSADenver/ASL_inputs/biggest_pdc_events/2006-11-20-2303-45S.MVO___025.cleaned
114,/Users/GlennThompson/Dropbox/BRIEFCASE/SSADenver/ASL_inputs/biggest_pdc_events/2006-11-30-0031-03S.MVO___025.cleaned
115,/Users/GlennThompson/Dropbox/BRIEFCASE/SSADenver/ASL_inputs/biggest_pdc_events/2006-12-01-2327-53S.MVO___025.cleaned
116,/Users/GlennThompson/Dropbox/BRIEFCASE/SSADenver/ASL_inputs/biggest_pdc_events/2006-12-02-0448-14S.MVO___025.cleaned
117,/Users/GlennThompson/Dropbox/BRIEFCASE/SSADenver/ASL_inputs/biggest_pdc_events/2006-12-02-0716-18S.MVO___025.cleaned
118,/Users/GlennThompson/Dropbox/BRIEFCASE/SSADenver/ASL_inputs/biggest_pdc_events/2006-12-03-1221-52S.MVO___025.cleaned
119,/Users/GlennThompson/Dropbox/BRIEFCASE/SSADenver/ASL_inputs/biggest_pdc_events/2006-12-04-2136-23S.MVO___025.cleaned
120,/Users/GlennThompson/Dropbox/BRIEFCASE/SSADenver/ASL_inputs/biggest_pdc_events/2007-01-03-1709-20S.MVO___025.cleaned
121,/Users/GlennThompson/Dropbox/BRIEFCASE/SSADenver/ASL_inputs/biggest_pdc_events/2007-01-04-1924-25S.MVO___025.cleaned
122,/Users/GlennThompson/Dropbox/BRIEFCASE/SSADenver/ASL_inputs/biggest_pdc_events/2007-01-08-1016-49S.MVO___025.cleaned
123,/Users/GlennThompson/Dropbox/BRIEFCASE/SSADenver/ASL_inputs/biggest_pdc_events/2007-01-14-2102-35S.MVO___025.cleaned
124,/Users/GlennThompson/Dropbox/BRIEFCASE/SSADenver/ASL_inputs/biggest_pdc_events/2007-01-20-0103-25S.MVO___025.cleaned
125,/Users/GlennThompson/Dropbox/BRIEFCASE/SSADenver/ASL_inputs/biggest_pdc_events/2007-02-19-0614-56S.MVO___025.cleaned
126,/Users/GlennThompson/Dropbox/BRIEFCASE/SSADenver/ASL_inputs/biggest_pdc_events/2007-02-25-0444-24S.MVO___025.cleaned
127,/Users/GlennThompson/Dropbox/BRIEFCASE/SSADenver/ASL_inputs/biggest_pdc_events/2007-02-25-1613-55S.MVO___025.cleaned
128,/Users/GlennThompson/Dropbox/BRIEFCASE/SSADenver/ASL_inputs/biggest_pdc_events/2007-02-26-0331-19S.MVO___025.cleaned
129,/Users/GlennThompson/Dropbox/BRIEFCASE/SSADenver/ASL_inputs/biggest_pdc_events/2007-02-26-0903-56S.MVO___025.cleaned
130,/Users/GlennThompson/Dropbox/BRIEFCASE/SSADenver/ASL_inputs/biggest_pdc_events/2007-03-07-1002-45S.MVO___025.cleaned
131,/Users/GlennThompson/Dropbox/BRIEFCASE/SSADenver/ASL_inputs/biggest_pdc_events/2007-03-09-0935-53S.MVO___025.cleaned
132,/Users/GlennThompson/Dropbox/BRIEFCASE/SSADenver/ASL_inputs/biggest_pdc_events/2007-03-10-1605-51S.MVO___025.cleaned
133,/Users/GlennThompson/Dropbox/BRIEFCASE/SSADenver/ASL_inputs/biggest_pdc_events/2007-03-11-1215-23S.MVO___025.cleaned
134,/Users/GlennThompson/Dropbox/BRIEFCASE/SSADenver/ASL_inputs/biggest_pdc_events/2007-03-12-1848-55S.MVO___025.cleaned
135,/Users/GlennThompson/Dropbox/BRIEFCASE/SSADenver/ASL_inputs/biggest_pdc_events/2007-04-02-0501-23S.MVO___028.cleaned
136,/Users/GlennThompson/Dropbox/BRIEFCASE/SSADenver/ASL_inputs/biggest_pdc_events/2007-04-02-1035-59S.MVO___028.cleaned
137,/Users/GlennThompson/Dropbox/BRIEFCASE/SSADenver/ASL_inputs/biggest_pdc_events/2007-04-18-1904-59S.MVO___028.cleaned
138,/Users/GlennThompson/Dropbox/BRIEFCASE/SSADenver/ASL_inputs/biggest_pdc_events/2007-04-19-2313-18S.MVO___028.cleaned
139,/Users/GlennThompson/Dropbox/BRIEFCASE/SSADenver/ASL_inputs/biggest_pdc_events/2007-04-30-1159-05S.MVO___028.cleaned
140,/Users/GlennThompson/Dropbox/BRIEFCASE/SSADenver/ASL_inputs/biggest_pdc_events/2007-05-02-0909-55S.MVO___028.cleaned
141,/Users/GlennThompson/Dropbox/BRIEFCASE/SSADenver/ASL_inputs/biggest_pdc_events/2007-05-06-1503-10S.MVO___028.cleaned
142,/Users/GlennThompson/Dropbox/BRIEFCASE/SSADenver/ASL_inputs/biggest_pdc_events/2007-05-19-0553-36S.MVO___028.cleaned
143,/Users/GlennThompson/Dropbox/BRIEFCASE/SSADenver/ASL_inputs/biggest_pdc_events/2007-05-25-1607-21S.MVO___028.cleaned
144,/Users/GlennThompson/Dropbox/BRIEFCASE/SSADenver/ASL_inputs/biggest_pdc_events/2007-05-26-2221-37S.MVO___028.cleaned
145,/Users/GlennThompson/Dropbox/BRIEFCASE/SSADenver/ASL_inputs/biggest_pdc_events/2007-06-06-0056-59S.MVO___028.cleaned
146,/Users/GlennThompson/Dropbox/BRIEFCASE/SSADenver/ASL_inputs/biggest_pdc_events/2007-06-13-1542-54S.MVO___028.cleaned
147,/Users/GlennThompson/Dropbox/BRIEFCASE/SSADenver/ASL_inputs/biggest_pdc_events/2007-06-14-1019-49S.MVO___028.cleaned
148,/Users/GlennThompson/Dropbox/BRIEFCASE/SSADenver/ASL_inputs/biggest_pdc_events/2007-06-14-1050-40S.MVO___028.cleaned
149,/Users/GlennThompson/Dropbox/BRIEFCASE/SSADenver/ASL_inputs/biggest_pdc_events/2007-06-21-2239-50S.MVO___028.cleaned
150,/Users/GlennThompson/Dropbox/BRIEFCASE/SSADenver/ASL_inputs/biggest_pdc_events/2007-07-01-2105-31S.MVO___028.cleaned
151,/Users/GlennThompson/Dropbox/BRIEFCASE/SSADenver/ASL_inputs/biggest_pdc_events/2007-07-08-1436-44S.MVO___028.cleaned
152,/Users/GlennThompson/Dropbox/BRIEFCASE/SSADenver/ASL_inputs/biggest_pdc_events/2007-07-19-2154-00S.MVO___028.cleaned
153,/Users/GlennThompson/Dropbox/BRIEFCASE/SSADenver/ASL_inputs/biggest_pdc_events/2007-07-29-0307-49S.MVO___028.cleaned
154,/Users/GlennThompson/Dropbox/BRIEFCASE/SSADenver/ASL_inputs/biggest_pdc_events/2007-07-30-1759-58S.MVO___028.cleaned
155,/Users/GlennThompson/Dropbox/BRIEFCASE/SSADenver/ASL_inputs/biggest_pdc_events/2007-08-23-1235-41S.MVO___028.cleaned
156,/Users/GlennThompson/Dropbox/BRIEFCASE/SSADenver/ASL_inputs/biggest_pdc_events/2007-08-23-1243-37S.MVO___028.cleaned
157,/Users/GlennThompson/Dropbox/BRIEFCASE/SSADenver/ASL_inputs/biggest_pdc_events/2007-08-23-1247-08S.MVO___028.cleaned
158,/Users/GlennThompson/Dropbox/BRIEFCASE/SSADenver/ASL_inputs/biggest_pdc_events/2007-08-24-1800-20S.MVO___028.cleaned
159,/Users/GlennThompson/Dropbox/BRIEFCASE/SSADenver/ASL_inputs/biggest_pdc_events/2007-08-25-1400-15S.MVO___028.cleaned
160,/Users/GlennThompson/Dropbox/BRIEFCASE/SSADenver/ASL_inputs/biggest_pdc_events/2007-09-13-2232-25S.MVO___028.cleaned
161,/Users/GlennThompson/Dropbox/BRIEFCASE/SSADenver/ASL_inputs/biggest_pdc_events/2007-09-14-0818-49S.MVO___028.cleaned
162,/Users/GlennThompson/Dropbox/BRIEFCASE/SSADenver/ASL_inputs/biggest_pdc_events/2007-09-17-0222-15S.MVO___028.cleaned
163,/Users/GlennThompson/Dropbox/BRIEFCASE/SSADenver/ASL_inputs/biggest_pdc_events/2007-09-26-0748-44S.MVO___028.cleaned
164,/Users/GlennThompson/Dropbox/BRIEFCASE/SSADenver/ASL_inputs/biggest_pdc_events/2007-09-29-0349-23S.MVO___028.cleaned
165,/Users/GlennThompson/Dropbox/BRIEFCASE/SSADenver/ASL_inputs/biggest_pdc_events/2007-10-12-1854-40S.MVO___028.cleaned
166,/Users/GlennThompson/Dropbox/BRIEFCASE/SSADenver/ASL_inputs/biggest_pdc_events/2007-10-26-1359-06S.MVO___028.cleaned
167,/Users/GlennThompson/Dropbox/BRIEFCASE/SSADenver/ASL_inputs/biggest_pdc_events/2007-10-26-1403-30S.MVO___028.cleaned
168,/Users/GlennThompson/Dropbox/BRIEFCASE/SSADenver/ASL_inputs/biggest_pdc_events/2007-10-26-1452-56S.MVO___028.cleaned
169,/Users/GlennThompson/Dropbox/BRIEFCASE/SSADenver/ASL_inputs/biggest_pdc_events/2007-10-27-2311-11S.MVO___028.cleaned
170,/Users/GlennThompson/Dropbox/BRIEFCASE/SSADenver/ASL_inputs/biggest_pdc_events/2007-11-07-0717-01S.MVO___028.cleaned
171,/Users/GlennThompson/Dropbox/BRIEFCASE/SSADenver/ASL_inputs/biggest_pdc_events/2007-11-08-0204-39S.MVO___028.cleaned
172,/Users/GlennThompson/Dropbox/BRIEFCASE/SSADenver/ASL_inputs/biggest_pdc_events/2007-11-08-2135-37S.MVO___028.cleaned
173,/Users/GlennThompson/Dropbox/BRIEFCASE/SSADenver/ASL_inputs/biggest_pdc_events/2007-11-12-1404-36S.MVO___028.cleaned
174,/Users/GlennThompson/Dropbox/BRIEFCASE/SSADenver/ASL_inputs/biggest_pdc_events/2007-11-25-2159-03S.MVO___028.cleaned
175,/Users/GlennThompson/Dropbox/BRIEFCASE/SSADenver/ASL_inputs/biggest_pdc_events/2007-12-03-0052-36S.MVO___028.cleaned
176,/Users/GlennThompson/Dropbox/BRIEFCASE/SSADenver/ASL_inputs/biggest_pdc_events/2007-12-12-2037-59S.MVO___028.cleaned
177,/Users/GlennThompson/Dropbox/BRIEFCASE/SSADenver/ASL_inputs/biggest_pdc_events/2007-12-19-2253-28S.MVO___028.cleaned
178,/Users/GlennThompson/Dropbox/BRIEFCASE/SSADenver/ASL_inputs/biggest_pdc_events/2007-12-21-1102-38S.MVO___028.cleaned
179,/Users/GlennThompson/Dropbox/BRIEFCASE/SSADenver/ASL_inputs/biggest_pdc_events/2007-12-22-1738-11S.MVO___028.cleaned
180,/Users/GlennThompson/Dropbox/BRIEFCASE/SSADenver/ASL_inputs/biggest_pdc_events/2008-01-04-0328-04S.MVO___028.cleaned
181,/Users/GlennThompson/Dropbox/BRIEFCASE/SSADenver/ASL_inputs/biggest_pdc_events/2008-01-04-1053-49S.MVO___028.cleaned
182,/Users/GlennThompson/Dropbox/BRIEFCASE/SSADenver/ASL_inputs/biggest_pdc_events/2008-01-11-2159-03S.MVO___028.cleaned
183,/Users/GlennThompson/Dropbox/BRIEFCASE/SSADenver/ASL_inputs/biggest_pdc_events/2008-01-15-0045-40S.MVO___028.cleaned
184,/Users/GlennThompson/Dropbox/BRIEFCASE/SSADenver/ASL_inputs/biggest_pdc_events/2008-01-18-1818-02S.MVO___028.cleaned
185,/Users/GlennThompson/Dropbox/BRIEFCASE/SSADenver/ASL_inputs/biggest_pdc_events/2008-02-01-0747-31S.MVO___028.cleaned
186,/Users/GlennThompson/Dropbox/BRIEFCASE/SSADenver/ASL_inputs/biggest_pdc_events/2008-02-01-1409-05S.MVO___028.cleaned
187,/Users/GlennThompson/Dropbox/BRIEFCASE/SSADenver/ASL_inputs/biggest_pdc_events/2008-02-08-0215-32S.MVO___028.cleaned
188,/Users/GlennThompson/Dropbox/BRIEFCASE/SSADenver/ASL_inputs/biggest_pdc_events/2008-02-09-0424-13S.MVO___028.cleaned
189,/Users/GlennThompson/Dropbox/BRIEFCASE/SSADenver/ASL_inputs/biggest_pdc_events/2008-03-11-0550-01S.MVO___031.cleaned
190,/Users/GlennThompson/Dropbox/BRIEFCASE/SSADenver/ASL_inputs/biggest_pdc_events/2008-04-17-0312-52S.MVO___031.cleaned
191,/Users/GlennThompson/Dropbox/BRIEFCASE/SSADenver/ASL_inputs/biggest_pdc_events/2008-04-17-1917-23S.MVO___031.cleaned
192,/Users/GlennThompson/Dropbox/BRIEFCASE/SSADenver/ASL_inputs/biggest_pdc_events/2008-04-18-2033-56S.MVO___031.cleaned
193,/Users/GlennThompson/Dropbox/BRIEFCASE/SSADenver/ASL_inputs/biggest_pdc_events/2008-05-03-0046-59S.MVO___031.cleaned
194,/Users/GlennThompson/Dropbox/BRIEFCASE/SSADenver/ASL_inputs/biggest_pdc_events/2008-05-03-0519-34S.MVO___031.cleaned
195,/Users/GlennThompson/Dropbox/BRIEFCASE/SSADenver/ASL_inputs/biggest_pdc_events/2008-06-13-0133-57S.MVO___031.cleaned
196,/Users/GlennThompson/Dropbox/BRIEFCASE/SSADenver/ASL_inputs/biggest_pdc_events/2008-06-24-1819-53S.MVO___031.cleaned
197,/Users/GlennThompson/Dropbox/BRIEFCASE/SSADenver/ASL_inputs/biggest_pdc_events/2008-07-23-1322-58S.MVO___031.cleaned
198,/Users/GlennThompson/Dropbox/BRIEFCASE/SSADenver/ASL_inputs/biggest_pdc_events/9701-08-1258-08S.MVO_21_1.cleaned
199,/Users/GlennThompson/Dropbox/BRIEFCASE/SSADenver/ASL_inputs/biggest_pdc_events/9701-09-0331-51S.MVO_21_1.cleaned
200,/Users/GlennThompson/Dropbox/BRIEFCASE/SSADenver/ASL_inputs/biggest_pdc_events/9701-09-1738-35S.MVO_21_1.cleaned
201,/Users/GlennThompson/Dropbox/BRIEFCASE/SSADenver/ASL_inputs/biggest_pdc_events/9701-20-2305-02S.MVO_21_1.cleaned
202,/Users/GlennThompson/Dropbox/BRIEFCASE/SSADenver/ASL_inputs/biggest_pdc_events/9701-23-0207-29S.MVO_21_1.cleaned
203,/Users/GlennThompson/Dropbox/BRIEFCASE/SSADenver/ASL_inputs/biggest_pdc_events/9702-08-1453-09S.MVO_18_1.cleaned
204,/Users/GlennThompson/Dropbox/BRIEFCASE/SSADenver/ASL_inputs/biggest_pdc_events/9702-12-1312-33S.MVO_18_1.cleaned
205,/Users/GlennThompson/Dropbox/BRIEFCASE/SSADenver/ASL_inputs/biggest_pdc_events/9702-14-2218-29S.MVO_18_1.cleaned
206,/Users/GlennThompson/Dropbox/BRIEFCASE/SSADenver/ASL_inputs/biggest_pdc_events/9702-20-0125-42S.MVO_18_1.cleaned
207,/Users/GlennThompson/Dropbox/BRIEFCASE/SSADenver/ASL_inputs/biggest_pdc_events/9702-24-0059-45S.MVO_18_1.cleaned
208,/Users/GlennThompson/Dropbox/BRIEFCASE/SSADenver/ASL_inputs/biggest_pdc_events/9703-04-0229-45S.MVO_18_1.cleaned
209,/Users/GlennThompson/Dropbox/BRIEFCASE/SSADenver/ASL_inputs/biggest_pdc_events/9703-05-2303-46S.MVO_18_1.cleaned
210,/Users/GlennThompson/Dropbox/BRIEFCASE/SSADenver/ASL_inputs/biggest_pdc_events/9703-09-0846-25S.MVO_18_1.cleaned
211,/Users/GlennThompson/Dropbox/BRIEFCASE/SSADenver/ASL_inputs/biggest_pdc_events/9703-31-0732-28S.MVO_18_1.cleaned
212,/Users/GlennThompson/Dropbox/BRIEFCASE/SSADenver/ASL_inputs/biggest_pdc_events/9703-31-0810-21S.MVO_18_1.cleaned
213,/Users/GlennThompson/Dropbox/BRIEFCASE/SSADenver/ASL_inputs/biggest_pdc_events/9704-01-1630-14S.MVO_18_1.cleaned
214,/Users/GlennThompson/Dropbox/BRIEFCASE/SSADenver/ASL_inputs/biggest_pdc_events/9704-01-1720-09S.MVO_18_1.cleaned
215,/Users/GlennThompson/Dropbox/BRIEFCASE/SSADenver/ASL_inputs/biggest_pdc_events/9704-11-1500-50S.MVO_18_1.cleaned
216,/Users/GlennThompson/Dropbox/BRIEFCASE/SSADenver/ASL_inputs/biggest_pdc_events/9704-11-1507-50S.MVO_18_1.cleaned
217,/Users/GlennThompson/Dropbox/BRIEFCASE/SSADenver/ASL_inputs/biggest_pdc_events/9704-11-1537-47S.MVO_18_1.cleaned
218,/Users/GlennThompson/Dropbox/BRIEFCASE/SSADenver/ASL_inputs/biggest_pdc_events/9705-17-0351-30S.MVO_18_1.cleaned
219,/Users/GlennThompson/Dropbox/BRIEFCASE/SSADenver/ASL_inputs/biggest_pdc_events/9705-24-2331-15S.MVO_18_1.cleaned
220,/Users/GlennThompson/Dropbox/BRIEFCASE/SSADenver/ASL_inputs/biggest_pdc_events/9705-27-1931-05S.MVO_18_1.cleaned
221,/Users/GlennThompson/Dropbox/BRIEFCASE/SSADenver/ASL_inputs/biggest_pdc_events/9705-30-1030-55S.MVO_18_1.cleaned
222,/Users/GlennThompson/Dropbox/BRIEFCASE/SSADenver/ASL_inputs/biggest_pdc_events/9705-31-2344-12S.MVO_18_1.cleaned
223,/Users/GlennThompson/Dropbox/BRIEFCASE/SSADenver/ASL_inputs/biggest_pdc_events/9706-22-1102-30S.MVO_18_1.cleaned
224,/Users/GlennThompson/Dropbox/BRIEFCASE/SSADenver/ASL_inputs/biggest_pdc_events/9706-22-2353-51S.MVO_18_1.cleaned
225,/Users/GlennThompson/Dropbox/BRIEFCASE/SSADenver/ASL_inputs/biggest_pdc_events/9706-23-0238-00S.MVO_18_1.cleaned
226,/Users/GlennThompson/Dropbox/BRIEFCASE/SSADenver/ASL_inputs/biggest_pdc_events/9706-23-0252-33S.MVO_18_1.cleaned
227,/Users/GlennThompson/Dropbox/BRIEFCASE/SSADenver/ASL_inputs/biggest_pdc_events/9706-24-0943-52S.MVO_18_1.cleaned
228,/Users/GlennThompson/Dropbox/BRIEFCASE/SSADenver/ASL_inputs/biggest_pdc_events/9707-02-2234-53S.MVO_18_1.cleaned
229,/Users/GlennThompson/Dropbox/BRIEFCASE/SSADenver/ASL_inputs/biggest_pdc_events/9707-04-1110-10S.MVO_18_1.cleaned
230,/Users/GlennThompson/Dropbox/BRIEFCASE/SSADenver/ASL_inputs/biggest_pdc_events/9707-29-0338-48S.MVO_18_1.cleaned
231,/Users/GlennThompson/Dropbox/BRIEFCASE/SSADenver/ASL_inputs/biggest_pdc_events/9707-31-0904-23S.MVO_18_1.cleaned
232,/Users/GlennThompson/Dropbox/BRIEFCASE/SSADenver/ASL_inputs/biggest_pdc_events/9707-31-1323-33S.MVO_18_1.cleaned
233,/Users/GlennThompson/Dropbox/BRIEFCASE/SSADenver/ASL_inputs/biggest_pdc_events/9708-04-2042-20S.MVO_18_1.cleaned
234,/Users/GlennThompson/Dropbox/BRIEFCASE/SSADenver/ASL_inputs/biggest_pdc_events/9708-05-2056-56S.MVO_18_1.cleaned
235,/Users/GlennThompson/Dropbox/BRIEFCASE/SSADenver/ASL_inputs/biggest_pdc_events/9708-06-0801-49S.MVO_18_1.cleaned
236,/Users/GlennThompson/Dropbox/BRIEFCASE/SSADenver/ASL_inputs/biggest_pdc_events/9708-06-1834-58S.MVO_18_1.cleaned
237,/Users/GlennThompson/Dropbox/BRIEFCASE/SSADenver/ASL_inputs/biggest_pdc_events/9708-07-1604-32S.MVO_18_1.cleaned
238,/Users/GlennThompson/Dropbox/BRIEFCASE/SSADenver/ASL_inputs/biggest_pdc_events/9709-01-0430-43S.MVO_18_1.cleaned
239,/Users/GlennThompson/Dropbox/BRIEFCASE/SSADenver/ASL_inputs/biggest_pdc_events/9709-07-1819-06S.MVO_18_1.cleaned
240,/Users/GlennThompson/Dropbox/BRIEFCASE/SSADenver/ASL_inputs/biggest_pdc_events/9709-07-2147-03S.MVO_18_1.cleaned
241,/Users/GlennThompson/Dropbox/BRIEFCASE/SSADenver/ASL_inputs/biggest_pdc_events/9709-08-2056-08S.MVO_18_1.cleaned
242,/Users/GlennThompson/Dropbox/BRIEFCASE/SSADenver/ASL_inputs/biggest_pdc_events/9709-09-1637-12S.MVO_18_1.cleaned
243,/Users/GlennThompson/Dropbox/BRIEFCASE/SSADenver/ASL_inputs/biggest_pdc_events/9710-04-2113-22S.MVO_18_1.cleaned
244,/Users/GlennThompson/Dropbox/BRIEFCASE/SSADenver/ASL_inputs/biggest_pdc_events/9710-05-1404-02S.MVO_18_1.cleaned
245,/Users/GlennThompson/Dropbox/BRIEFCASE/SSADenver/ASL_inputs/biggest_pdc_events/9710-09-1749-08S.MVO_18_1.cleaned
246,/Users/GlennThompson/Dropbox/BRIEFCASE/SSADenver/ASL_inputs/biggest_pdc_events/9710-30-2055-22S.MVO_18_1.cleaned
247,/Users/GlennThompson/Dropbox/BRIEFCASE/SSADenver/ASL_inputs/biggest_pdc_events/9710-31-1123-03S.MVO_18_1.cleaned
248,/Users/GlennThompson/Dropbox/BRIEFCASE/SSADenver/ASL_inputs/biggest_pdc_events/9801-01-0851-46S.MVO_18_1.cleaned
249,/Users/GlennThompson/Dropbox/BRIEFCASE/SSADenver/ASL_inputs/biggest_pdc_events/9801-28-2125-18S.MVO_18_1.cleaned
250,/Users/GlennThompson/Dropbox/BRIEFCASE/SSADenver/ASL_inputs/biggest_pdc_events/9801-29-0634-15S.MVO_18_1.cleaned
251,/Users/GlennThompson/Dropbox/BRIEFCASE/SSADenver/ASL_inputs/biggest_pdc_events/9801-29-0726-42S.MVO_18_1.cleaned
252,/Users/GlennThompson/Dropbox/BRIEFCASE/SSADenver/ASL_inputs/biggest_pdc_events/9801-30-1938-49S.MVO_18_1.cleaned
253,/Users/GlennThompson/Dropbox/BRIEFCASE/SSADenver/ASL_inputs/biggest_pdc_events/9802-04-0204-42S.MVO_18_1.cleaned
254,/Users/GlennThompson/Dropbox/BRIEFCASE/SSADenver/ASL_inputs/biggest_pdc_events/9802-06-1246-01S.MVO_18_1.cleaned
255,/Users/GlennThompson/Dropbox/BRIEFCASE/SSADenver/ASL_inputs/biggest_pdc_events/9802-09-1653-02S.MVO_18_1.cleaned
256,/Users/GlennThompson/Dropbox/BRIEFCASE/SSADenver/ASL_inputs/biggest_pdc_events/9802-09-1754-31S.MVO_18_1.cleaned
257,/Users/GlennThompson/Dropbox/BRIEFCASE/SSADenver/ASL_inputs/biggest_pdc_events/9802-19-0018-56S.MVO_18_1.cleaned
258,/Users/GlennThompson/Dropbox/BRIEFCASE/SSADenver/ASL_inputs/biggest_pdc_events/9803-02-0655-09S.MVO_18_1.cleaned
259,/Users/GlennThompson/Dropbox/BRIEFCASE/SSADenver/ASL_inputs/biggest_pdc_events/9803-03-2227-33S.MVO_18_1.cleaned
260,/Users/GlennThompson/Dropbox/BRIEFCASE/SSADenver/ASL_inputs/biggest_pdc_events/9803-16-1051-00S.MVO_18_1.cleaned
261,/Users/GlennThompson/Dropbox/BRIEFCASE/SSADenver/ASL_inputs/biggest_pdc_events/9803-19-0329-25S.MVO_18_1.cleaned
262,/Users/GlennThompson/Dropbox/BRIEFCASE/SSADenver/ASL_inputs/biggest_pdc_events/9803-22-2145-08S.MVO_18_1.cleaned
263,/Users/GlennThompson/Dropbox/BRIEFCASE/SSADenver/ASL_inputs/biggest_pdc_events/9804-19-1222-11S.MVO_13_1.cleaned
264,/Users/GlennThompson/Dropbox/BRIEFCASE/SSADenver/ASL_inputs/biggest_pdc_events/9804-19-1836-11S.MVO_13_1.cleaned
265,/Users/GlennThompson/Dropbox/BRIEFCASE/SSADenver/ASL_inputs/biggest_pdc_events/9804-25-1213-51S.MVO_13_1.cleaned
266,/Users/GlennThompson/Dropbox/BRIEFCASE/SSADenver/ASL_inputs/biggest_pdc_events/9804-26-1730-41S.MVO_13_1.cleaned
267,/Users/GlennThompson/Dropbox/BRIEFCASE/SSADenver/ASL_inputs/biggest_pdc_events/9804-28-1714-13S.MVO_13_1.cleaned
268,/Users/GlennThompson/Dropbox/BRIEFCASE/SSADenver/ASL_inputs/biggest_pdc_events/9805-04-1424-24S.MVO_13_1.cleaned
269,/Users/GlennThompson/Dropbox/BRIEFCASE/SSADenver/ASL_inputs/biggest_pdc_events/9805-10-0354-37S.MVO_13_1.cleaned
270,/Users/GlennThompson/Dropbox/BRIEFCASE/SSADenver/ASL_inputs/biggest_pdc_events/9805-11-2108-42S.MVO_13_1.cleaned
271,/Users/GlennThompson/Dropbox/BRIEFCASE/SSADenver/ASL_inputs/biggest_pdc_events/9805-27-1910-42S.MVO_13_1.cleaned
272,/Users/GlennThompson/Dropbox/BRIEFCASE/SSADenver/ASL_inputs/biggest_pdc_events/9805-30-2200-05S.MVO_13_1.cleaned
273,/Users/GlennThompson/Dropbox/BRIEFCASE/SSADenver/ASL_inputs/biggest_pdc_events/9806-16-1047-27S.MVO_13_1.cleaned
274,/Users/GlennThompson/Dropbox/BRIEFCASE/SSADenver/ASL_inputs/biggest_pdc_events/9806-23-0139-56S.MVO_13_1.cleaned
275,/Users/GlennThompson/Dropbox/BRIEFCASE/SSADenver/ASL_inputs/biggest_pdc_events/9806-23-1534-53S.MVO_13_1.cleaned
276,/Users/GlennThompson/Dropbox/BRIEFCASE/SSADenver/ASL_inputs/biggest_pdc_events/9806-28-1858-46S.MVO_13_1.cleaned
277,/Users/GlennThompson/Dropbox/BRIEFCASE/SSADenver/ASL_inputs/biggest_pdc_events/9806-30-1629-29S.MVO_13_1.cleaned
278,/Users/GlennThompson/Dropbox/BRIEFCASE/SSADenver/ASL_inputs/biggest_pdc_events/9807-03-0703-14S.MVO_13_1.cleaned
279,/Users/GlennThompson/Dropbox/BRIEFCASE/SSADenver/ASL_inputs/biggest_pdc_events/9807-03-0708-20S.MVO_13_1.cleaned
280,/Users/GlennThompson/Dropbox/BRIEFCASE/SSADenver/ASL_inputs/biggest_pdc_events/9807-03-0740-13S.MVO_13_1.cleaned
281,/Users/GlennThompson/Dropbox/BRIEFCASE/SSADenver/ASL_inputs/biggest_pdc_events/9807-03-1041-03S.MVO_13_1.cleaned
282,/Users/GlennThompson/Dropbox/BRIEFCASE/SSADenver/ASL_inputs/biggest_pdc_events/9807-03-1806-56S.MVO_13_1.cleaned
283,/Users/GlennThompson/Dropbox/BRIEFCASE/SSADenver/ASL_inputs/biggest_pdc_events/9808-05-0324-01S.MVO_13_1.cleaned
284,/Users/GlennThompson/Dropbox/BRIEFCASE/SSADenver/ASL_inputs/biggest_pdc_events/9808-05-0837-32S.MVO_13_1.cleaned
285,/Users/GlennThompson/Dropbox/BRIEFCASE/SSADenver/ASL_inputs/biggest_pdc_events/9808-16-0912-37S.MVO_13_1.cleaned
286,/Users/GlennThompson/Dropbox/BRIEFCASE/SSADenver/ASL_inputs/biggest_pdc_events/9808-16-1502-55S.MVO_13_1.cleaned
287,/Users/GlennThompson/Dropbox/BRIEFCASE/SSADenver/ASL_inputs/biggest_pdc_events/9808-19-1617-41S.MVO_13_1.cleaned
288,/Users/GlennThompson/Dropbox/BRIEFCASE/SSADenver/ASL_inputs/biggest_pdc_events/9809-02-0409-19S.MVO_13_1.cleaned
289,/Users/GlennThompson/Dropbox/BRIEFCASE/SSADenver/ASL_inputs/biggest_pdc_events/9809-03-0233-59S.MVO_13_1.cleaned
290,/Users/GlennThompson/Dropbox/BRIEFCASE/SSADenver/ASL_inputs/biggest_pdc_events/9809-07-2352-03S.MVO_13_1.cleaned
291,/Users/GlennThompson/Dropbox/BRIEFCASE/SSADenver/ASL_inputs/biggest_pdc_events/9809-12-0445-32S.MVO_13_1.cleaned
292,/Users/GlennThompson/Dropbox/BRIEFCASE/SSADenver/ASL_inputs/biggest_pdc_events/9809-16-0230-28S.MVO_13_1.cleaned
293,/Users/GlennThompson/Dropbox/BRIEFCASE/SSADenver/ASL_inputs/biggest_pdc_events/9810-21-0241-02S.MVO_13_1.cleaned
294,/Users/GlennThompson/Dropbox/BRIEFCASE/SSADenver/ASL_inputs/biggest_pdc_events/9810-23-2038-23S.MVO_13_1.cleaned
295,/Users/GlennThompson/Dropbox/BRIEFCASE/SSADenver/ASL_inputs/biggest_pdc_events/9810-26-0451-03S.MVO_13_1.cleaned
296,/Users/GlennThompson/Dropbox/BRIEFCASE/SSADenver/ASL_inputs/biggest_pdc_events/9810-29-0151-41S.MVO_13_1.cleaned
297,/Users/GlennThompson/Dropbox/BRIEFCASE/SSADenver/ASL_inputs/biggest_pdc_events/9810-31-0818-09S.MVO_13_1.cleaned
298,/Users/GlennThompson/Dropbox/BRIEFCASE/SSADenver/ASL_inputs/biggest_pdc_events/9811-03-1221-14S.MVO_13_1.cleaned
299,/Users/GlennThompson/Dropbox/BRIEFCASE/SSADenver/ASL_inputs/biggest_pdc_events/9811-09-1244-41S.MVO_13_1.cleaned
300,/Users/GlennThompson/Dropbox/BRIEFCASE/SSADenver/ASL_inputs/biggest_pdc_events/9811-12-1007-08S.MVO_13_1.cleaned
301,/Users/GlennThompson/Dropbox/BRIEFCASE/SSADenver/ASL_inputs/biggest_pdc_events/9811-26-0746-14S.MVO_13_1.cleaned
302,/Users/GlennThompson/Dropbox/BRIEFCASE/SSADenver/ASL_inputs/biggest_pdc_events/9811-27-0636-09S.MVO_13_1.cleaned
303,/Users/GlennThompson/Dropbox/BRIEFCASE/SSADenver/ASL_inputs/biggest_pdc_events/9812-05-0420-00S.MVO_13_1.cleaned
304,/Users/GlennThompson/Dropbox/BRIEFCASE/SSADenver/ASL_inputs/biggest_pdc_events/9812-08-0233-29S.MVO_13_1.cleaned
305,/Users/GlennThompson/Dropbox/BRIEFCASE/SSADenver/ASL_inputs/biggest_pdc_events/9812-11-1226-18S.MVO_13_1.cleaned
306,/Users/GlennThompson/Dropbox/BRIEFCASE/SSADenver/ASL_inputs/biggest_pdc_events/9812-14-1052-15S.MVO_13_1.cleaned
307,/Users/GlennThompson/Dropbox/BRIEFCASE/SSADenver/ASL_inputs/biggest_pdc_events/9812-19-1434-34S.MVO_14_1.cleaned
308,/Users/GlennThompson/Dropbox/BRIEFCASE/SSADenver/ASL_inputs/biggest_pdc_events/9901-11-1703-56S.MVO_14_1.cleaned
309,/Users/GlennThompson/Dropbox/BRIEFCASE/SSADenver/ASL_inputs/biggest_pdc_events/9901-11-2032-30S.MVO_14_1.cleaned
310,/Users/GlennThompson/Dropbox/BRIEFCASE/SSADenver/ASL_inputs/biggest_pdc_events/9901-13-1030-16S.MVO_14_1.cleaned
311,/Users/GlennThompson/Dropbox/BRIEFCASE/SSADenver/ASL_inputs/biggest_pdc_events/9901-13-1039-15S.MVO_14_1.cleaned
312,/Users/GlennThompson/Dropbox/BRIEFCASE/SSADenver/ASL_inputs/biggest_pdc_events/9901-20-2030-50S.MVO_14_1.cleaned
313,/Users/GlennThompson/Dropbox/BRIEFCASE/SSADenver/ASL_inputs/biggest_pdc_events/9902-02-2243-31S.MVO_14_1.cleaned
314,/Users/GlennThompson/Dropbox/BRIEFCASE/SSADenver/ASL_inputs/biggest_pdc_events/9902-04-1443-43S.MVO_14_1.cleaned
315,/Users/GlennThompson/Dropbox/BRIEFCASE/SSADenver/ASL_inputs/biggest_pdc_events/9902-05-2012-05S.MVO_14_1.cleaned
316,/Users/GlennThompson/Dropbox/BRIEFCASE/SSADenver/ASL_inputs/biggest_pdc_events/9902-07-0448-01S.MVO_14_1.cleaned
317,/Users/GlennThompson/Dropbox/BRIEFCASE/SSADenver/ASL_inputs/biggest_pdc_events/9902-09-0259-04S.MVO_14_1.cleaned
318,/Users/GlennThompson/Dropbox/BRIEFCASE/SSADenver/ASL_inputs/biggest_pdc_events/9903-01-2118-03S.MVO_14_1.cleaned
319,/Users/GlennThompson/Dropbox/BRIEFCASE/SSADenver/ASL_inputs/biggest_pdc_events/9903-02-2013-41S.MVO_14_1.cleaned
320,/Users/GlennThompson/Dropbox/BRIEFCASE/SSADenver/ASL_inputs/biggest_pdc_events/9903-09-0443-57S.MVO_19_1.cleaned
321,/Users/GlennThompson/Dropbox/BRIEFCASE/SSADenver/ASL_inputs/biggest_pdc_events/9903-13-0953-43S.MVO_19_1.cleaned
322,/Users/GlennThompson/Dropbox/BRIEFCASE/SSADenver/ASL_inputs/biggest_pdc_events/9903-24-1712-27S.MVO_20_1.cleaned
323,/Users/GlennThompson/Dropbox/BRIEFCASE/SSADenver/ASL_inputs/biggest_pdc_events/9904-01-0441-09S.MVO_17_1.cleaned
324,/Users/GlennThompson/Dropbox/BRIEFCASE/SSADenver/ASL_inputs/biggest_pdc_events/9904-08-0202-56S.MVO_17_1.cleaned
325,/Users/GlennThompson/Dropbox/BRIEFCASE/SSADenver/ASL_inputs/biggest_pdc_events/9904-14-0916-47S.MVO_17_1.cleaned
326,/Users/GlennThompson/Dropbox/BRIEFCASE/SSADenver/ASL_inputs/biggest_pdc_events/9904-19-0827-45S.MVO_17_1.cleaned
327,/Users/GlennThompson/Dropbox/BRIEFCASE/SSADenver/ASL_inputs/biggest_pdc_events/9904-25-0454-29S.MVO_17_1.cleaned
328,/Users/GlennThompson/Dropbox/BRIEFCASE/SSADenver/ASL_inputs/biggest_pdc_events/9905-08-1518-10S.MVO_23_1.cleaned
329,/Users/GlennThompson/Dropbox/BRIEFCASE/SSADenver/ASL_inputs/biggest_pdc_events/9905-10-1423-21S.MVO_23_1.cleaned
330,/Users/GlennThompson/Dropbox/BRIEFCASE/SSADenver/ASL_inputs/biggest_pdc_events/9905-10-1426-36S.MVO_23_1.cleaned
331,/Users/GlennThompson/Dropbox/BRIEFCASE/SSADenver/ASL_inputs/biggest_pdc_events/9905-22-1743-09S.MVO_23_1.cleaned
332,/Users/GlennThompson/Dropbox/BRIEFCASE/SSADenver/ASL_inputs/biggest_pdc_events/9905-23-0642-41S.MVO_23_1.cleaned
333,/Users/GlennThompson/Dropbox/BRIEFCASE/SSADenver/ASL_inputs/biggest_pdc_events/9906-05-2145-20S.MVO_23_1.cleaned
334,/Users/GlennThompson/Dropbox/BRIEFCASE/SSADenver/ASL_inputs/biggest_pdc_events/9906-05-2149-42S.MVO_23_1.cleaned
335,/Users/GlennThompson/Dropbox/BRIEFCASE/SSADenver/ASL_inputs/biggest_pdc_events/9906-06-1145-31S.MVO_23_1.cleaned
336,/Users/GlennThompson/Dropbox/BRIEFCASE/SSADenver/ASL_inputs/biggest_pdc_events/9906-08-0326-23S.MVO_23_1.cleaned
337,/Users/GlennThompson/Dropbox/BRIEFCASE/SSADenver/ASL_inputs/biggest_pdc_events/9906-11-0430-10S.MVO_23_1.cleaned
338,/Users/GlennThompson/Dropbox/BRIEFCASE/SSADenver/ASL_inputs/biggest_pdc_events/9907-11-1916-38S.MVO_19_1.cleaned
339,/Users/GlennThompson/Dropbox/BRIEFCASE/SSADenver/ASL_inputs/biggest_pdc_events/9907-13-1526-25S.MVO_19_1.cleaned
340,/Users/GlennThompson/Dropbox/BRIEFCASE/SSADenver/ASL_inputs/biggest_pdc_events/9907-23-1929-48S.MVO_19_1.cleaned
341,/Users/GlennThompson/Dropbox/BRIEFCASE/SSADenver/ASL_inputs/biggest_pdc_events/9907-28-0224-18S.MVO_19_1.cleaned
342,/Users/GlennThompson/Dropbox/BRIEFCASE/SSADenver/ASL_inputs/biggest_pdc_events/9907-28-1648-03S.MVO_19_1.cleaned
343,/Users/GlennThompson/Dropbox/BRIEFCASE/SSADenver/ASL_inputs/biggest_pdc_events/9908-01-0408-23S.MVO_19_1.cleaned
344,/Users/GlennThompson/Dropbox/BRIEFCASE/SSADenver/ASL_inputs/biggest_pdc_events/9908-03-2338-39S.MVO_19_1.cleaned
345,/Users/GlennThompson/Dropbox/BRIEFCASE/SSADenver/ASL_inputs/biggest_pdc_events/9908-09-1414-18S.MVO_19_1.cleaned
346,/Users/GlennThompson/Dropbox/BRIEFCASE/SSADenver/ASL_inputs/biggest_pdc_events/9908-12-0159-24S.MVO_19_1.cleaned
347,/Users/GlennThompson/Dropbox/BRIEFCASE/SSADenver/ASL_inputs/biggest_pdc_events/9908-28-1238-32S.MVO_19_1.cleaned
348,/Users/GlennThompson/Dropbox/BRIEFCASE/SSADenver/ASL_inputs/biggest_pdc_events/9909-04-0306-30S.MVO_19_1.cleaned
349,/Users/GlennThompson/Dropbox/BRIEFCASE/SSADenver/ASL_inputs/biggest_pdc_events/9909-08-0116-53S.MVO_19_1.cleaned
350,/Users/GlennThompson/Dropbox/BRIEFCASE/SSADenver/ASL_inputs/biggest_pdc_events/9909-09-1309-20S.MVO_19_1.cleaned
351,/Users/GlennThompson/Dropbox/BRIEFCASE/SSADenver/ASL_inputs/biggest_pdc_events/9909-16-0944-09S.MVO_19_1.cleaned
352,/Users/GlennThompson/Dropbox/BRIEFCASE/SSADenver/ASL_inputs/biggest_pdc_events/9909-16-2058-17S.MVO_19_1.cleaned
353,/Users/GlennThompson/Dropbox/BRIEFCASE/SSADenver/ASL_inputs/biggest_pdc_events/9910-04-1329-45S.MVO_19_1.cleaned
354,/Users/GlennThompson/Dropbox/BRIEFCASE/SSADenver/ASL_inputs/biggest_pdc_events/9910-07-1221-14S.MVO_19_1.cleaned
355,/Users/GlennThompson/Dropbox/BRIEFCASE/SSADenver/ASL_inputs/biggest_pdc_events/9910-12-1140-39S.MVO_19_1.cleaned
356,/Users/GlennThompson/Dropbox/BRIEFCASE/SSADenver/ASL_inputs/biggest_pdc_events/9910-19-0133-59S.MVO_19_1.cleaned
357,/Users/GlennThompson/Dropbox/BRIEFCASE/SSADenver/ASL_inputs/biggest_pdc_events/9910-19-0608-07S.MVO_19_1.cleaned
358,/Users/GlennThompson/Dropbox/BRIEFCASE/SSADenver/ASL_inputs/biggest_pdc_events/9911-02-0800-32S.MVO_19_1.cleaned
359,/Users/GlennThompson/Dropbox/BRIEFCASE/SSADenver/ASL_inputs/biggest_pdc_events/9911-02-0845-07S.MVO_19_1.cleaned
360,/Users/GlennThompson/Dropbox/BRIEFCASE/SSADenver/ASL_inputs/biggest_pdc_events/9911-02-1218-28S.MVO_19_1.cleaned
361,/Users/GlennThompson/Dropbox/BRIEFCASE/SSADenver/ASL_inputs/biggest_pdc_events/9911-04-0845-29S.MVO_19_1.cleaned
362,/Users/GlennThompson/Dropbox/BRIEFCASE/SSADenver/ASL_inputs/biggest_pdc_events/9911-04-1631-20S.MVO_19_1.cleaned
363,/Users/GlennThompson/Dropbox/BRIEFCASE/SSADenver/ASL_inputs/biggest_pdc_events/9912-11-0435-01S.MVO_19_1.cleaned
364,/Users/GlennThompson/Dropbox/BRIEFCASE/SSADenver/ASL_inputs/biggest_pdc_events/9912-15-1055-07S.MVO_19_1.cleaned
365,/Users/GlennThompson/Dropbox/BRIEFCASE/SSADenver/ASL_inputs/biggest_pdc_events/9912-15-1634-49S.MVO_19_1.cleaned
366,/Users/GlennThompson/Dropbox/BRIEFCASE/SSADenver/ASL_inputs/biggest_pdc_events/9912-17-1543-41S.MVO_19_1.cleaned
367,/Users/GlennThompson/Dropbox/BRIEFCASE/SSADenver/ASL_inputs/biggest_pdc_events/9912-28-1631-59S.MVO_19_1.cleaned
